price,brand
₹521,R RADIANT
₹449,Frontsy
₹529,WROGN
₹529,WROGN
₹739,WROGN
₹591,Roadster
₹629,SKYBAGS
₹649,SAFARI
"₹1,035",PROVOGUE
₹491,WROGN
₹491,WROGN
₹935,Roadster
₹659,SKYBAGS
₹776,PROVOGUE
₹839,SKYBAGS
₹467,modfrill
₹649,aob
₹739,WROGN
₹776,PROVOGUE
₹445,Taws & Timber
₹599,Roadster
₹491,WROGN
₹849,SKYBAGS
₹623,Ficro
₹636,Roadster
₹248,PLEXY
₹813,PROVOGUE
₹719,FAVIO
₹249,Mi
₹659,SAFARI
"₹1,500",Wildcraft
₹944,WROGN
₹591,Roadster
₹776,PROVOGUE
₹419,Roadster
₹719,SAFARI
"₹1,149",AMERICAN TOURISTER
₹591,Roadster
₹394,zikrefast
₹533,Keywin
